location_id,state,Population,Urban Population,Rural Population,Single Female-Headed Households with Children,Unemployment Rate,Non-Citizens,Below Poverty Line,White Population,African American Population,Native American/Alaskan Population,Asian or Pacific Islander Population,Other Race Population,Hispanic or Latino Population,Median Household Income,Average Commute Minutes,Number of Criminal Court Judges,"Police Officers per 100,000 Residents",Law Enforcement Agencies Reporting to UCR,Total Number of Law Enforcement Agencies,Number of Full-Time Prosecutors,Number of Full-Time Sworn Law Enforcement Officers,Residential Mobility,Young Males Population,Largest Municipality Population,Number of Part-Time Prosecutors,High School Graduates,Largest Municipality,Self-Represented conviction rate,Private conviction rate,Public Defender conviction rate,Court Appointed conviction rate,Other conviction rate,Unknown conviction rate
PA001,PA,101496,46.3242,53.6758,5.3407,5.9,2.6425,8.7,90.2331,1.4671,0.1773,0.7439,1.17,6.2081,59492,27.7,90,62.0714,7.14,14,4,63,13.3,7.11,7620,0,86,Gettysburg,100,84.5934,89.3208,92.1659,NA,67.0807
PA003,PA,1226933,97.5137,2.4863,6.0416,7.9,2.6853,12.9,80.3006,12.8921,0.1031,2.9351,2.11,1.6593,51366,26,100,200.4999,31.63,98,6,2460,12.9,6.74,305704,0,92.9,Pittsburgh,94.3287,79.9576,84.6456,84.1076,25,76.8687
PA005,PA,68614,32.5133,67.4867,5.1218,8.5,0.2011,13,97.5544,0.9561,0.0525,0.1763,0.66,0.599,45241,27.9,7,34.9783,11.11,9,NA,24,9.1,5.76,4044,NA,88.9,Kittanning,NA,70.8963,76.514,75.6944,NA,59.3705
PA007,PA,170382,74.1725,25.8275,5.9788,7.6,0.6016,12.2,90.2454,5.8674,0.0082,0.5235,2.1,1.2572,49217,25.1,17,141.4469,6.9,29,8,241,10.4,5.99,9438,2,91,Aliquippa,100,61.5694,67.6989,73.0263,NA,55.102
PA009,PA,49490,16.2051,83.7949,4.8668,8.1,0.2809,12.6,97.3995,0.5395,0.1051,0.2708,0.71,0.9739,43290,28,19,32.3298,0,5,3,16,8.1,5.84,2841,0,85.2,Bedford,NA,66.195,80.1915,88.3721,NA,44.3038
PA011,PA,412078,76.264,23.736,7.3062,9.8,3.7908,13.9,76.0773,3.982,0.0655,1.3017,1.58,16.9922,55170,24.5,36,139.5367,18.6,43,30,575,13.5,7.27,88082,0,84.3,Reading,0,73.8351,78.2306,83.3248,NA,67.3133
PA013,PA,126940,76.5692,23.4308,6.1303,7.3,0.5711,14.1,95.4435,1.793,0.0575,0.698,0.99,1.0178,42992,19,12,106.3495,13.33,15,8,135,11,6.76,46320,2,90.9,Altoona,90,65.011,80.6468,90.6566,NA,58.0982
PA015,PA,62624,27.8257,72.1743,5.4723,6,0.6627,13.3,96.4934,0.5541,0.0495,0.5876,1.04,1.2775,46963,22.5,7,106.9877,0,8,4,67,9.1,5.93,5587,0,87.3,Sayre,50,61.1638,76.2274,81.5029,NA,34
PA017,PA,625977,91.1704,8.8296,4.5254,8.1,2.9733,5.4,86.3768,3.5396,0.0856,4.0415,1.51,4.447,76555,28.3,38,124.6052,46.34,41,27,780,7.2,6.23,60472,0,93.3,Bensalem,100,76.8302,77.868,87.1311,NA,71.0294
PA019,PA,184535,58.0359,41.9641,4.7778,7,0.6736,9.3,95.6501,1.0795,0.0959,1.1039,0.93,1.1423,58230,26.4,13,78.034,30.77,13,6,144,11.7,6.87,13757,0,92.7,Butler,83.871,47.1039,64.5268,80.7737,0,24.2577
PA021,PA,142448,67.9939,32.006100000000004,5.5456,8.8,0.5918,14.9,93.0845,3.4335,0.0772,0.4963,1.41,1.4953,41730,22.7,15,85.6453,7.14,28,1,122,10.7,6.69,20978,0,88.8,Johnstown,78.6517,59.9655,80.3814,85.9268,NA,65.8482
PA023,PA,5000,52.645,47.355,5.9701,7.1,0.56,13.1,97.58,0.76,0.08,0.16,0.86,0.56,41410,15.2,2,40,0,2,0,2,8.5,5.7,2073,1,86.4,Emporium,NA,62.963,78.1095,100,NA,53.8462
PA025,PA,65074,52.8376,47.1624,6.5128,10.4,1.0834,11.6,93.3952,1.3124,0.1306,0.4533,1.16,3.5467,48900,30.5,7,82.9825,0,13,3,54,8.7,5.6,4781,2,87.4,Jim Thorpe,NA,71.8599,81.2308,87.3362,NA,75.3301
PA027,PA,154460,67.7823,32.2177,3.661,5.8,4.7391,20.5,87.5696,2.9937,0.21560000000000001,5.1735,1.51,2.5366,50336,19.9,11,86.1064,75,4,8,133,27.6,16.73,42034,0,92.7,State College,NA,69.4915,81.5973,88.6973,NA,24.1265
PA029,PA,503075,86.7234,13.2766,4.3623,6.7,5.1573,6.9,81.6773,5.8462,0.0608,4.0427,1.72,6.6537,86050,27.4,35,100.3826,29.55,44,36,505,10.2,6.8,18461,0,92.8,West Chester,100,68.7472,88.0687,91.2338,NA,37.2776
PA031,PA,39720,23.4395,76.5605,4.9252,8.9,0.4884,18.3,96.7598,1.2261,0.0604,0.5237,0.78,0.6521,42389,22.8,5,73.0111,0,6,2,29,15.8,8.89,5276,1,87.9,Clarion,NA,55.4276,66.3928,75.2212,NA,47.5472
PA033,PA,81536,46.1503,53.8497,5.548,9.4,1.4288,14.5,93.9781,2.123,0.1104,0.612,0.69,2.4823,41030,25.1,6,56.4168,0,9,4,46,11.1,6.61,7794,0,87,DuBois,93.3333,72.3801,87.233,93,NA,56
PA035,PA,39501,54.3096,45.6904,5.6614,7.5,0.9569,16.1,95.59,1.3493,0.0557,0.3848,1.43,1.1924,42184,23.3,7,30.379,0,8,2,12,16.4,9.65,9772,0,86.2,Lock Haven,NA,77.4436,81.5903,79.0698,NA,27.8788
PA037,PA,67021,59.1485,40.8515,5.7884,6.3,1.2026,16.6,94.1078,1.8905,0.1179,1.0459,0.63,2.2112,44807,21.1,6,95.4925,18.18,11,1,64,12.6,8.96,14855,3,88,Bloomsburg,NA,64.4535,77.6855,81.6129,NA,23.2727
PA039,PA,88173,36.2992,63.7008,5.7047,9.1,0.3561,15.9,95.5111,1.6241,0.1157,0.406,1.32,1.0275,42504,22.4,7,55.5726,6.67,15,5,49,11.9,6.95,13388,0,86.8,Meadville,100,89.729,90.6752,93.8356,NA,86.5837
PA041,PA,237449,77.8221,22.1779,4.921,6.5,2.5012,8.3,88.785,3.1295,0.0868,2.999,2.06,2.9413,60826,21.2,18,96.8629,28.57,21,NA,230,15.3,7.12,18682,NA,91.1,Carlisle,NA,82.6528,84.2023,85.7545,NA,45.9459
PA043,PA,269035,86.6766,13.3234,7.6991,7.7,3.2215,13.3,69.4858,17.0628,0.0996,3.2289,2.78,7.3411,54066,21.3,24,168.3796,23.81,21,22,453,14.9,6.38,49528,0,89,Harrisburg,89.0411,72.794,82.8054,84.2593,NA,64.9685
PA045,PA,559771,99.5361,0.4639,7.6881,9.1,4.3936,10.3,70.4317,19.8204,0.0782,4.8059,1.75,3.1106,64041,27.7,55,139.5213,31.91,47,49,781,10,7.54,33972,0,91.8,Chester,90,72.7496,86.8805,88.8693,NA,92.2597
PA047,PA,31799,44.3248,55.6752,6.5811,6.9,0.239,10.4,97.8207,0.5094,0.1447,0.5094,0.39,0.629,45767,16.8,3,94.3426,20,5,1,30,6.9,5.39,13070,1,90.5,St. Marys,NA,57.0406,79.0356,82.9268,NA,59.5092
PA049,PA,280518,79.9805,20.0195,7.7711,9.3,2.0844,16.9,86.2818,6.8092,0.1996,1.2523,1.94,3.5178,45202,18.6,26,109.7969,15.38,13,NA,308,14.8,7.84,101786,NA,89.9,Erie,NA,67.6753,74.9414,80.9202,NA,43.36
PA051,PA,136145,52.1024,47.8976,6.028,10,0.4157,18.4,92.7114,4.136,0.0867,0.3467,1.85,0.8675,39115,25.2,14,52.1503,13.33,15,10,71,9.2,6.15,10372,0,85.4,Uniontown,93.0233,79.7243,78.6048,88.1402,NA,53.4826
PA053,PA,7696,0,100,3.5982,7.3,0.4678,16.3,75.065,17.7885,0.4288,0.3378,0.79,5.5873,36556,26.7,6,0,0,1,0,NA,14.3,13.29,3137,1,81.6,Marienville,NA,50.5263,75.974,88.2353,NA,41.6667
PA055,PA,150594,59.6479,40.3521,5.8277,7.9,2.1083,11,89.8356,3.3122,0.2344,0.9124,1.2,4.5022,52637,23.2,14,89.645,37.5,8,8,135,11.8,6.04,20268,1,85.3,Chambersburg,0,67.4276,78.1273,82.0593,NA,50.2699
PA057,PA,14779,0,100,3.8055,9.6,0.2098,11.1,96.7251,1.2112,0.2707,0.1353,0.72,0.9338,48461,33,7,0,0,2,1,NA,9,5.91,1220,0,84.9,McConnellsburg,NA,63.4752,74.2004,80.9091,NA,50.8287
PA059,PA,38362,33.167,66.833,5.5906,7.3,0.2502,14.7,91.867,5.1379,0.1747,0.378,1.19,1.2565,44388,26.9,7,75.5956,0,4,NA,29,14.8,6.97,4176,NA,85.1,Waynesburg,NA,68.7143,77.8462,87.0432,NA,60.8696
PA061,PA,45874,31.3375,68.6625,4.6821,7.8,0.5581,12.7,91.5965,5.2295,0.048,0.4403,1.03,1.6545,44183,28.1,5,43.5977,0,4,1,20,11.9,7.05,7093,1,87.7,Huntingdon,NA,52.9114,73.0662,79.4393,NA,34.3915
PA063,PA,88404,39.9302,60.0698,4.3836,8.6,0.8529,17.7,94.1971,2.4524,0.112,1.078,0.97,1.1934,43997,22.8,6,46.378,14.29,7,4,41,18.1,10.51,13975,0,87.8,Indiana,90.9091,66.2906,77.6562,84.4898,NA,39.0558
PA065,PA,45015,38.5398,61.4602,6.1125,7.7,0.3399,15.3,97.6963,0.3466,0.1711,0.1777,0.93,0.6798,41262,21.9,4,53.3156,0,6,2,24,11.1,6.16,5962,0,87.6,Punxsutawney,NA,71.1569,70.6422,40,NA,76.9327
PA067,PA,24737,17.7464,82.2536,4.1306,7.9,1.0268,11.8,95.529,0.7277,0.0566,0.376,0.66,2.6519,46163,29.3,5,76.808,0,2,NA,19,8.4,5.98,925,NA,82.9,Port Royal,NA,80.5085,84.812,84.2105,NA,72.7273
PA069,PA,214275,83.6945,16.3055,6.5012,8,2.7329,13.6,89.1901,2.4198,0.1349,1.7944,1.19,5.2717,46044,20,22,126.9397,0,22,14,272,11.8,6.8,76089,4,88.9,Scranton,88.8889,64.1075,71.5184,80.1556,NA,30.9619
PA071,PA,523306,78.7429,21.2571,5.1272,7.4,2.1615,10.5,84.3508,3.249,0.0896,1.9318,1.38,8.9965,56483,22.5,36,111.7893,50,30,28,585,11,7.02,59322,0,83.9,Lancaster,95.8333,62.3395,77.5214,84.9094,NA,41.2614
PA073,PA,90374,59.6819,40.3181,7.2753,8,0.353,14.4,92.8077,3.9071,0.0775,0.3131,1.81,1.0844,43546,22.4,11,71.9233,7.69,13,6,65,8.2,6.21,23273,1,88.3,New Castle,73.4177,58.2222,66.2887,77.3256,NA,32.6146
PA075,PA,134411,73.4442,26.5558,6.3626,7.6,1.4902,10.7,86.0242,1.546,0.1042,1.0825,1.35,9.892,54818,22.9,11,90.0224,25,8,NA,121,12.7,6.25,25477,NA,85.5,Lebanon,NA,67.1004,84.0844,89.0152,NA,54.0126
PA077,PA,352068,92.0743,7.9257,7.582,10.1,4.2034,13.7,70.4461,4.9655,0.0699,3.0562,1.88,19.5834,54923,24.2,24,118.7271,33.33,18,NA,418,14.5,6.55,118032,NA,86.8,Allentown,66.6667,62.3149,77.7975,87.8788,NA,31.0045
PA079,PA,320827,80.0151,19.9849,7.2838,8.4,3.0266,15.6,87.3034,3.178,0.1275,0.9463,1.02,7.4274,44402,22.2,29,108.7814,10.2,49,25,349,12.6,6.8,41498,0,88.3,Wilkes-Barre,100,64.7214,76.7873,89.525,NA,70.4102
PA081,PA,116604,63.7235,36.2765,6.4392,9,0.6149,14.2,91.6264,4.6877,0.1681,0.6072,1.44,1.4674,45430,19.8,13,73.7539,7.14,14,7,86,12.5,7.96,29381,0,87.6,Williamsport,96.1538,77.699700000000007,84.0905,93.3934,NA,64.5977
PA083,PA,43294,36.4626,63.5374,7.2951,10.7,0.6745,16.6,94.1678,2.4599,0.2887,0.4874,0.73,1.864,41834,20,7,43.886,0,9,7,19,11.9,6.86,8770,1,89.3,Bradford,100,86.0687,90.7336,90.8425,NA,86.7528
PA085,PA,116059,55.5111,44.4889,6.3026,9.4,0.5454,13.5,90.8409,5.7548,0.0922,0.7229,1.44,1.1442,44301,21,11,86.1631,25,12,9,100,12,7.44,16220,1,88.6,Hermitage,100,50.4083,48.7011,58.1606,NA,49.894
PA087,PA,46698,49.533,50.467,5.6918,9,0.4411,15.3,96.7472,0.6831,0.0792,0.3619,0.93,1.1949,40384,23,6,27.8385,50,2,1,13,10.5,5.72,8338,2,81.5,Lewistown,NA,64.7841,78.3292,87.1212,NA,54.4118
PA089,PA,168947,61.6461,38.3539,7.0386,13.7,3.3081,12,69.6911,12.1588,0.1959,2.0308,2.36,13.5658,57408,38.9,19,50.3116,33.33,9,12,85,10.1,8.03,9840,0,89.6,East Stroudsburg,NA,56.3242,53.0892,71.2034,NA,35.8645
PA091,PA,804621,97.0663,2.9337,4.6961,7.1,4.4259,6.1,78.4902,8.6039,0.0641,6.5262,1.93,4.3852,79183,27.5,61,164.6738,62.5,48,30,1325,10.2,6.02,57825,0,93.5,Lower Merion,88.0309,65.2272,79.0213,92.6097,NA,62.6491
PA093,PA,18379,46.2309,53.7691,3.4011,7.6,1.8826,10,93.3892,1.5833,0.0544,2.2471,0.75,1.9805,51482,18.7,3,92.4969,0,2,NA,17,9.2,5.58,4699,NA,89.5,Danville,NA,59.8485,59.2715,75.4098,NA,67.8295
PA095,PA,298439,87.2316,12.7684,5.8072,8.6,2.8696,9.7,80.2422,4.4143,0.1293,2.6009,1.66,10.957,60097,27.3,24,0,34.78,23,NA,NA,13.2,7.34,74982,NA,88.7,Bethlehem,76.6667,82.0532,92.9347,91.4821,NA,74.7457
PA097,PA,94444,65.1394,34.8606,6.4578,9.3,0.6978,14.2,93.9393,2.2542,0.1758,0.3738,0.69,2.5645,41208,23.5,9,94.2357,6.25,16,5,89,10.9,6.34,9905,1,85.3,Sunbury,81.25,67.2158,75.8242,81.0345,NA,55.8747
PA099,PA,45808,11.5012,88.4988,6.0309,8,0.6222,9.7,96.4046,0.716,0.083,0.2423,1.15,1.4081,57375,31.6,6,19.6472,0,7,1,9,11,6.4,2534,1,86.7,Marysville,100,74.2927,87.6747,100,NA,85.5072
PA101,PA,1536704,100,0,10.6076,15.1,6.2085,26.5,36.5862,42.0186,0.1754,6.4536,2.1,12.6709,37192,31.8,113,430.9874,20,5,NA,6623,14.2,8.08,1526006,0,81.2,Philadelphia,77.7778,59.5674,56.0342,62.2474,NA,30.4221
PA103,PA,57179,29.2388,70.7612,5.3288,13.4,2.3802,9.1,82.5635,5.0281,0.056,0.8989,2.15,9.3041,59340,41.5,6,57.7135,0,7,NA,33,9.4,6.48,2469,NA,91.3,Matamoras,NA,67.5882,84.9953,93.1818,NA,70.3297
PA105,PA,17487,0,100,4.3804,7.6,0.2802,15.1,97.1465,0.3603,0.1487,0.3088,0.96,1.0751,41547,21.9,5,57.1853,0,6,NA,10,8.6,6.04,2546,NA,88.4,Coudersport,NA,86.3768,88.0682,96.1538,NA,66.6667
PA107,PA,147700,63.5388,36.4612,5.6137,9.6,1.1435,12.8,92.8863,2.5085,0.0345,0.566,1,3.0007,45012,25.6,14,73.7982,2.56,47,7,109,10,5.96,14324,1,86.4,Pottsville,91.6667,62.0224,75.0213,79.5608,NA,44.9931
PA109,PA,39711,33.1797,66.8203,4.876,6.3,0.5691,11.9,95.8374,0.9645,0.1486,0.6623,0.59,1.798,46513,23.1,6,37.7729,0,5,1,15,10.4,8.27,5654,2,82.6,Selinsgrove,NA,60.8764,78.3934,86.5922,NA,59.0734
PA111,PA,77341,29.1979,70.8021,3.5447,8.5,0.2599,12.4,95.3492,2.2718,0.1021,0.2573,0.87,1.1456,43597,23.2,10,54.305,0,17,2,42,8.6,6.07,6277,4,85.6,Somerset,50,67.0051,76.0226,82.3529,NA,49.7487
PA113,PA,6419,0,100,2.4979,7.9,0.9503,13.9,96.2923,1.4956,0.0779,0.1869,0.51,1.4332,40964,26.5,2,0,0,1,1,NA,8,8.16,608,0,87.3,Dushore,NA,55.102,67.1795,83.3333,NA,32
PA115,PA,42948,15.9701,84.0299,4.9583,8.6,0.6496,12.9,96.9265,0.5239,0.2189,0.2189,0.67,1.4459,48231,27,5,39.5828,0,8,1,17,9.3,6.05,1911,1,89,Forest City,81.8182,60.8924,62.6301,69.9301,NA,37.6033
PA117,PA,42267,9.8902,90.1098,5.5692,8.6,0.4211,15.3,96.463,0.7949,0.1538,0.459,0.95,1.1806,44187,23.5,4,52.0501,0,12,2,22,11.9,7.16,3625,0,88.4,Mansfield,NA,61.3174,61.2267,66.6667,NA,39.1304
PA119,PA,44932,57.1851,42.8149,5.4641,8,2.5461,12.3,84.9172,6.65,0.2292,1.1951,1.6,5.4059,48528,21.3,6,51.1885,0,7,NA,23,16.3,9.38,5792,NA,84.8,Lewisburg,NA,70.4641,84.2795,85.0299,NA,55.7851
PA121,PA,54590,45.2441,54.7559,7.0165,8.5,0.2491,16,96.2777,0.7309,0.0733,0.3902,1.56,0.9635,41977,21.6,6,76.9372,16.67,6,NA,42,13.1,6,10557,NA,88.8,Oil City,NA,81.2558,77.7296,82.3362,NA,66.9643
PA123,PA,41429,44.9576,55.0424,4.0158,7.4,0.4176,12.6,97.4607,0.4369,0.1279,0.3959,0.77,0.8134,43764,19.8,7,67.5855,0,5,3,28,9.6,5.73,9710,0,89.6,Warren,100,63.6538,73.8332,79.9127,NA,39.7129
PA125,PA,208047,69.1752,30.8248,4.9728,7.5,0.7743,10.5,93.302,3.0777,0.0163,0.7147,1.65,1.2372,53693,26.2,17,107.1873,16.67,24,10,223,11.9,6.5,13663,0,90.4,Washington,93.3333,61.3025,78.7596,83.7461,NA,57.8501
PA127,PA,52212,11.906,88.094,4.9187,7.9,1.2181,12.2,91.7011,3.1506,0.1398,0.5171,0.84,3.6543,49313,28.8,5,70.8649,0,5,3,37,12.1,6.19,4480,2,87.7,Honesdale,NA,81.0294,84.6596,87.5,NA,46.7742
PA129,PA,364090,74.6364,25.3636,5.4527,6.9,0.4438,10.2,94.6055,2.2926,0.1035,0.7817,1.27,0.9495,50736,26.4,33,80.2,20.59,34,23,292,9,6.01,18872,0,92.1,Murrysville,93.8462,70.2291,86.8231,88.5129,NA,49.2853
PA131,PA,28177,16.5441,83.4559,5.2948,7.9,0.8198,12.1,96.1458,0.685,0.1136,0.4294,0.97,1.6538,48482,26.2,3,42.5879,0,7,2,12,9.8,6.92,1836,1,89.2,Tunkhannock,75,61.3815,77.0596,84.7826,NA,29.4872
PA133,PA,436339,75.2796,24.7204,6.5922,8.8,1.522,10.1,85.8053,4.951,0.0853,1.3017,1.98,5.8718,58745,26.6,35,125.1321,59.09,22,28,546,12.4,6.44,43718,0,88.1,York,100,71.8697,78.3458,85.6498,NA,70.553
OR001,OR,16055,58.9934,41.0066,6.0534,11.4,0.9218,18,92.3451,0.2803,1.2831,0.5107,2.04,3.5441,41500,15,NA,NA,NA,NA,NA,NA,16.8,5.74,NA,NA,89.4,NA,NA,43.3862,95.4545,63.945,NA,13.1034
OR003,OR,85989,81.2361,18.7639,4.2535,8.5,5.503,22.5,83.1246,1.0071,0.6559,5.524,3.07,6.6148,48604,18.9,NA,NA,NA,NA,NA,NA,21.5,14.01,NA,NA,94.6,NA,66.6667,55.0676,95,70.9055,NA,33.7452
OR005,OR,380532,81.9214,18.0786,5.659,10.4,4.12,9.8,84.1212,0.7009,0.4386,3.7737,3.08,7.8869,64352,26.9,NA,NA,NA,NA,NA,NA,14.8,6.43,NA,NA,92.4,NA,41.1654,61.1452,95.5645,84.2983,NA,32.7602
OR007,OR,37157,61.0276,38.9724,6.0702,9.6,3.7247,16.5,86.9634,0.6244,0.3445,1.1088,3.18,7.7751,44683,18.2,NA,NA,NA,NA,NA,NA,18.8,6.53,NA,NA,91.5,NA,NA,50,98.3607,77.0081,NA,46.8373
OR009,OR,49333,56.3879,43.6121,6.4922,13.2,2.025,13.6,89.9439,0.227,1.3277,0.977,3.23,4.2953,54968,31.9,NA,NA,NA,NA,NA,NA,13.7,6.21,NA,NA,89.6,NA,NA,39.2704,92,73.0013,NA,40.3794
OR011,OR,62753,61.6468,38.3532,4.6602,13.1,1.5681,17.8,86.5393,0.3235,2.3696,1.1314,4.02,5.6189,37940,19.4,NA,NA,NA,NA,NA,NA,19.2,5.61,NA,NA,88,NA,0,51.4357,55.8824,67.4735,NA,29.2181
OR013,OR,20894,51.983,48.017,4.4144,17.2,1.3736,19.5,89.0734,0.1436,0.9716,0.4116,2.16,7.2365,38795,20,NA,NA,NA,NA,NA,NA,19.3,5.55,NA,NA,84.9,NA,0,56.7961,83.7333,73.8819,NA,59.4595
OR015,OR,22361,61.2681,38.7319,2.6268,15.1,1.5339,15,88.1311,0.1252,1.7173,0.3891,3.79,5.845,39516,13,NA,NA,NA,NA,NA,NA,15.5,4.78,NA,NA,91.3,NA,NA,46.5798,96.0784,69.1304,NA,51.6484
OR017,OR,160565,72.3565,27.6435,5.2023,12.2,2.6911,14.5,88.1985,0.3245,0.7654,1.1242,2.06,7.5247,50209,18.6,NA,NA,NA,NA,NA,NA,17.7,5.74,NA,NA,93.1,NA,33.3333,60.1889,94.4444,75.7002,NA,55.791
OR019,OR,107286,58.8221,41.1779,5.8751,14.1,1.4802,18.7,89.2418,0.2619,1.4233,0.8128,3.43,4.8319,40524,20.3,NA,NA,NA,NA,NA,NA,17.2,5.96,NA,NA,87.7,NA,0,56.5517,70,71.7383,NA,42.0997
OR021,OR,1915,0,100,4.3035,11.7,2.5065,11.8,88.8773,0.5222,0.8355,0,1.57,8.1984,44743,13.1,NA,NA,NA,NA,NA,NA,16.6,5.74,NA,NA,91,NA,NA,50,100,60.1064,NA,0
OR023,OR,7359,0,100,5.2124,10.8,0.4348,17.3,92.7979,0.3261,0.5164,0.1631,3.08,3.1118,35051,18.4,NA,NA,NA,NA,NA,NA,14.2,5.11,NA,NA,89.5,NA,44.4444,59.0278,76.4706,73.906,NA,45.2381
OR025,OR,7314,55.6589,44.3411,6.1034,10.4,0.711,18.6,88.9937,0.4649,3.172,0.8203,2.26,4.2931,38113,13.8,NA,NA,NA,NA,NA,NA,15.4,7.22,NA,NA,87.9,NA,NA,44.6154,33.3333,70.9677,NA,34.6939
OR027,OR,22427,47.8251,52.1749,5.1694,5.3,14.4781,11.6,65.6084,0.486,0.1739,1.3243,2.59,29.8167,56725,17,NA,NA,NA,NA,NA,NA,9.2,6.33,NA,NA,84.1,NA,NA,50.1493,70.4026,71.4634,NA,39.5349
OR029,OR,205117,79.9474,20.0526,6.9618,13.1,3.4912,17.2,83.1774,0.624,0.6547,0.9526,3.5,11.0907,44005,19.4,NA,NA,NA,NA,NA,NA,19.1,6.15,NA,NA,89.1,NA,50,57.8804,86.4078,73.0811,NA,52.2036
OR031,OR,21461,36.8785,63.1215,7.5362,16.1,5.0277,19.8,61.0363,0.6337,15.5724,0.7129,2.37,19.6776,43373,21.3,NA,NA,NA,NA,NA,NA,18.1,6.26,NA,NA,84.7,NA,NA,68.4729,100,81.0559,NA,65.5612
OR033,OR,82783,55.0361,44.9639,5.0567,15.2,1.3094,20.2,88.3176,0.3382,1.5994,0.6439,2.58,6.5255,37733,19.4,NA,NA,NA,NA,NA,NA,14,6,NA,NA,88.4,NA,NA,64.3939,96.3768,80.4706,NA,45.6522
OR035,OR,66211,62.4194,37.5806,6.8814,13.8,3.3121,18.9,80.467,0.6842,3.5191,0.956,3.48,10.8985,39627,17.9,NA,NA,NA,NA,NA,NA,17.9,6.73,NA,NA,87.7,NA,50,56.3233,100,70.2232,NA,39.814
OR037,OR,7862,36.6688,63.3312,2.5238,13.3,2.8873,20.1,86.5174,0.4833,1.3864,0.5215,3.79,7.3009,33611,12.4,NA,NA,NA,NA,NA,NA,22.2,5.55,NA,NA,83.7,NA,NA,50.8621,NA,72.8471,NA,25.5682
OR039,OR,353382,82.477,17.523,5.9498,12.3,3.6736,20,84.1509,0.8753,0.9214,2.4212,4,7.6289,42931,19.6,NA,NA,NA,NA,NA,NA,22.1,8.43,NA,NA,91.1,NA,30,67.0425,79.8054,77.3031,NA,26.8775
OR041,OR,46070,62.4104,37.5896,4.8821,10.3,3.6314,16,83.8463,0.3147,2.2639,1.3393,4.13,8.1094,42365,19.2,NA,NA,NA,NA,NA,NA,16.1,5.18,NA,NA,89.9,NA,0,45.7457,89.2086,66.2254,NA,74.3842
OR043,OR,117648,68.3617,31.6383,7.522,10.8,2.8857,17.8,86.7571,0.453,1.6311,0.9647,2.23,7.9653,46939,22.4,NA,NA,NA,NA,NA,NA,15.9,6.17,NA,NA,89.1,NA,50,68.4641,100,83.6808,NA,42.399
OR045,OR,30898,51.5824,48.4176,6.9455,14.6,8.2821,27.4,62.9814,0.8609,0.3722,1.67,2.06,32.0539,35578,17.3,NA,NA,NA,NA,NA,NA,15.2,7.77,NA,NA,80.4,NA,50,57.0652,91.3043,77.5504,NA,44.697
OR047,OR,318441,86.9063,13.0937,8.6243,13.3,10.2145,18.6,67.8399,0.9088,0.8096,1.7997,4.01,24.6344,46885,21.8,NA,NA,NA,NA,NA,NA,17.8,7.31,NA,NA,83.2,NA,66.6667,67.3279,86.1111,86.7927,NA,38.535
OR049,OR,11218,54.1305,45.8695,7.2173,10.1,13.0594,18,63.6745,0.1694,0.4903,0.6329,2.75,32.2874,49940,19.4,NA,NA,NA,NA,NA,NA,16.9,7.47,NA,NA,75.5,NA,100,64,0,74.9491,NA,8.6957
OR051,OR,747641,98.6578,1.3422,6.2503,10.6,8.3476,17.8,71.9694,5.4586,0.6649,6.6807,4.32,10.9056,52511,24.8,NA,NA,NA,NA,NA,NA,20,6.11,NA,NA,89.7,NA,22.6804,46.0629,86.5087,65.9223,NA,6.3699
OR053,OR,75930,80.0737,19.9263,5.7297,11.3,4.0169,16.5,80.2002,0.4162,1.0589,2.2508,3.68,12.3956,52808,24.5,NA,NA,NA,NA,NA,NA,17.7,7.61,NA,NA,89.8,NA,NA,45.0299,94.1176,67.218,NA,34.6405
OR055,OR,1865,0,100,4.2322,7.7,1.9303,22.1,90.2413,0.1072,1.6622,0.1072,3.38,4.504,42639,20.5,NA,NA,NA,NA,NA,NA,13.9,6.01,NA,NA,92.4,NA,NA,48.5714,100,71.1382,NA,48.5714
OR057,OR,25300,30.396,69.604,4.9043,9,4.5217,16.1,86.2134,0.4506,0.7549,0.8498,2.45,9.2846,43676,19.1,NA,NA,NA,NA,NA,NA,13.3,5.66,NA,NA,88.1,NA,NA,58.9649,83.3333,70.9817,NA,31.5175
OR059,OR,76306,70.9339,29.0661,9.3928,10.9,7.4529,16.5,68.9343,0.595,1.9225,0.806,3.43,24.3074,48389,16.9,NA,NA,NA,NA,NA,NA,17.5,7.47,NA,NA,81.9,NA,57.1429,56.7613,87.3016,76.7059,NA,16.8919
OR061,OR,25741,57.9035,42.0965,5.7743,9.3,2.6611,18.6,90.2801,0.5439,0.3807,0.9751,3.7,4.1218,42542,16.2,NA,NA,NA,NA,NA,NA,18,7.68,NA,NA,90.6,NA,50,62.4294,100,80.8592,NA,58.1262
OR063,OR,6924,0,100,6.9092,12.2,0.5055,13.4,94.223,0.4333,0.5199,0.1155,2.27,2.4408,41994,18.9,NA,NA,NA,NA,NA,NA,13.7,4.29,NA,NA,93.5,NA,NA,51.5152,100,65.2695,NA,51.2397
OR065,OR,25281,66.9337,33.0663,6.9913,10.8,7.563,18.2,76.9511,0.3876,4.2245,0.981,1.88,15.573,43765,16.1,NA,NA,NA,NA,NA,NA,15.9,6.3,NA,NA,85.1,NA,100,66.4706,92.0635,77.9633,NA,57.6419
OR067,OR,539608,94.41,5.59,6.0826,9.6,9.8703,11.4,69.2556,1.6929,0.4435,8.8006,3.98,15.8272,64180,24.2,NA,NA,NA,NA,NA,NA,17.3,6.26,NA,NA,90.8,NA,84.3137,64.4864,85.1852,85.8216,NA,48.4364
OR069,OR,1292,0,100,2.72,10.4,0.2322,15.6,94.2724,0,0.4644,0.1548,2.48,2.6316,37974,22.4,NA,NA,NA,NA,NA,NA,10.1,4.64,NA,NA,88.6,NA,NA,45,NA,64.4068,NA,40
OR071,OR,99802,77.3966,22.6034,6.2423,10.7,5.539,14.6,78.9213,0.8256,0.8958,1.3908,3.05,14.9195,54535,23.4,NA,NA,NA,NA,NA,NA,16.1,7.46,NA,NA,88,NA,100,68.0243,100,83.1658,NA,24.2762
FL001,FL,249848,78.8066,21.1934,6.4221,8.6,5.8516,24.9,63.2921,19.732,0.2229,5.4689,2.69,8.5976,42149,19.9,NA,246.5499,50,4,NA,616,25.9,12.49,127488,NA,91.2,Gainesville,36.6335,49.9428,79.4498,76.6654,NA,NA
FL003,FL,27069,40.5089,59.4911,7.5097,11.4,0.3879,17.3,82.2786,13.9126,0.1847,0.5394,0.92,2.1648,49236,29.4,NA,221.6558,100,1,NA,60,14.8,8.06,6413,NA,80.1,Macclenny,42.5,76.1905,77.2051,76.0274,63.9594,NA
FL005,FL,170704,88.0001,11.9999,6.4519,9.9,2.2905,14.7,78.8124,10.0982,0.5255,2.0263,3.51,5.0227,47461,21.3,NA,241.9393,57.14,7,NA,413,20.4,6.75,36484,NA,87,Panama City,NA,NA,NA,NA,NA,NA
FL007,FL,27981,24.4705,75.5295,6.1985,15.7,1.1079,18.2,73.9538,19.5168,0.2502,0.679,1.94,3.6632,40259,27.1,NA,178.6927,0,3,NA,50,12.8,6.77,5449,NA,75.5,Starke,44.4265,66.5615,83.7521,72.6667,61.2069,NA
FL009,FL,545667,94.9256,5.0744,5.938,12.4,3.2243,13.5,77.023,9.7574,0.2861,2.0549,2.42,8.4612,48039,23.7,NA,224.3126,60,15,NA,1224,14.6,6.2,104898,NA,90.2,Palm Bay,68.7013,80.1527,86.1066,87.1445,NA,86.1879
FL011,FL,1784889,99.9831,0.0169,8.4688,11.9,14.4275,14.3,42.4266,26.2602,0.1597,3.2624,2.04,25.8499,51251,27.2,NA,218.1648,100,19,NA,3894,16.7,6.39,172389,NA,87.8,Fort Lauderdale,81.8182,66.4795,73.7222,69.4519,61.3096,96.6344
FL013,FL,14700,32.4855,67.5145,7.2189,10.2,1.932,23.5,77.517,14.2041,1.6054,0.2857,1.05,5.3401,32780,28.8,NA,163.2653,0,3,NA,24,12.5,6.34,2538,NA,73.5,Blountstown,72.6944,76.1364,85.1852,86.5169,100,NA
FL015,FL,161276,91.1157,8.8843,3.9521,13.7,3.951,12.6,85.482,5.454,0.16,1.1521,1.63,6.1193,44378,23.3,NA,166.7948,100,2,NA,269,15.9,4.53,16641,NA,88.8,Punta Gorda,100,71.0377,78.4279,78.6127,66.6667,70.8563
FL017,FL,140214,65.4812,34.5188,3.9374,15.8,1.5683,16.8,89.3263,2.8792,0.368,1.5198,1.12,4.7855,39100,25.9,NA,154.7634,33.33,3,NA,217,12,4.67,7194,NA,86,Inverness,74.4459,76.1905,80.8463,NA,NA,80.8447
FL019,FL,192665,85.0313,14.9687,7.4095,11.3,2.5075,9.8,76.3631,9.8243,0.3327,2.9191,2.44,8.1193,59482,32.1,NA,155.1917,33.33,3,NA,299,14.7,7.04,2538,NA,90.2,Blountstown,93.3333,69.5536,82.2793,89.4667,71.545,94.1911
FL021,FL,328209,91.5141,8.4859000000000009,4.9483,10.1,14.5864,14.1,65.2971,6.4608,0.1819,1.2434,0.8,26.02,55843,23.6,NA,206.8804,100,3,NA,679,15.2,5.46,19537,NA,85.8,Naples,60.3227,67.2491,82.8104,NA,NA,74.575
FL023,FL,67568,37.9426,62.0574,7.4013,18.8,1.5377,19.8,74.1238,17.4565,0.4425,0.743,2.15,5.0838,38070,22.3,NA,187.9588,100,2,NA,127,21.2,7.88,12107,NA,82.6,Lake City,49.9833,75.1269,89.3562,87.2,NA,NA
FL027,FL,34651,53.7577,46.2423,9.2261,12.6,14.4787,29.6,55.8397,12.8366,0.176,0.557,0.62,29.9703,34963,24.6,NA,210.6721,50,2,NA,73,18.1,9.51,7626,NA,71.3,Arcadia,NA,NA,NA,NA,NA,NA
FL029,FL,16234,22.9753,77.0247,4.0457,9,1.6385,17.4,86.0601,8.4514,0.2834,0.8747,1.94,2.39,33981,25.7,NA,166.3176,0,2,NA,27,13,5.9,1701,NA,78.5,Cross City,78.3951,84.4444,94.5876,100,90,NA
FL031,FL,872598,97.0885,2.9115,8.8514,11.7,4.5964,16.9,56.1493,28.8844,0.2592,4.1606,2.68,7.8669,48323,23.6,NA,201.3527,42.86,7,NA,1757,18.5,7.15,842583,NA,87.9,Jacksonville,NA,NA,NA,NA,NA,NA
FL033,FL,300795,91.6978,8.3022,7.477,12,2.6071,18.1,66.0177,21.9059,0.4907,2.7348,3.91,4.9389,43918,22.2,NA,226.7325,100,2,NA,682,19.1,8.89,51923,NA,87.9,Pensacola,64.0957,72.4362,74.9699,71.0988,80,NA
FL035,FL,97301,89.6788,10.3212,5.3749,12.4,4.1644,16.6,75.7628,10.8735,0.0802,2.2127,2.05,9.0184,47233,26.4,NA,170.6046,33.33,3,NA,166,11.7,5.09,78740,NA,90.2,Palm Coast,NA,NA,NA,NA,NA,NA
FL037,FL,11554,31.9595,68.0405,5.6125,12,1.8608,20.6,79.0549,14.7568,0.1731,0.5193,0.8,4.691,38328,22.3,NA,432.7506,0,3,NA,50,19.9,6.48,2788,NA,79.3,Carrabelle,70.9109,76.0181,92.8707,85.4839,NA,NA
FL039,FL,46860,34.6203,65.3797,10.3349,14.1,4.315,26.5,33.2864,55.0384,0.1024,0.446,1.21,9.9189,35380,28,NA,228.3397,14.29,7,NA,107,10.7,6.23,7965,NA,77.2,Quincy,90.4124,68.5535,76.4948,77.4419,81.8182,0
FL041,FL,16917,16.0812,83.9188,4.1667,16.5,2.3645,24.1,87.616,5.592,0.2364,0.4965,1.1,4.9595,38406,31.3,NA,200.9813,0,2,NA,34,15,11.65,1717,NA,79.8,Trenton,13.9442,62.3762,60.0522,68.4211,100,NA
FL043,FL,13080,29.362,70.638,6.6094,15.8,10.344,24.5,61.2003,12.2324,4.3043,0.5428,0.42,21.2997,34694,24.5,NA,733.945,0,1,NA,96,12.5,6.27,1680,NA,78,Moore Haven,66.1504,60.3175,73.7179,70.5882,NA,NA
FL045,FL,15793,22.915,77.085,5.7628,11.9,1.7286,16.4,74.3051,18.3626,0.7028,0.9118,1.24,4.4767,40455,24.4,NA,430.5705,0,2,NA,68,15,6.97,3435,NA,79.5,Port St. Joe,75.985,71.4286,84.9673,86.2745,NA,NA
FL047,FL,14655,36.516,63.484,6.8284,16.3,2.5725,23.6,54.9642,34.8345,0.2593,0.1433,0.85,8.9526,37716,24.2,NA,204.7083,0,3,NA,30,17.1,12.69,4221,NA,75.1,Jasper,80.5839,83.7607,86.7746,89.6296,NA,NA
FL049,FL,27336,52.1907,47.8093,9.8754,13.9,17.0069,29.6,47.86,7.1554,0.1097,1.167,0.84,42.8702,37125,25.6,NA,248.7562,0,5,NA,68,13.6,7.96,4952,NA,64.2,Wauchula,46.6797,69.6793,80.4854,90.4762,89.0909,NA
FL051,FL,38346,62.1078,37.8922,10.8438,15.4,17.5638,26.7,34.5721,12.3924,1.4526,0.8189,1.3,49.4602,35425,27.5,NA,229.4894,50,2,NA,88,16.7,8.36,7143,NA,64.4,Clewiston,78.0207,73.1417,78.9253,65.5914,NA,NA
FL053,FL,173119,80.6248,19.3752,5.8496,17.2,2.433,15.4,81.5208,4.9602,0.1687,1.0213,1.69,10.6378,41024,30,NA,188.8874,50,2,NA,327,14.7,5.3,7711,NA,86.5,Brooksville,55.3939,73.0078,86.8701,85.3521,71.8822,NA
FL055,FL,98275,78.9343,21.0657,4.2348,15.2,6.5022,20.1,70.0901,9.1824,0.2544,1.332,1.46,17.6861,35560,21.9,NA,227.9318,50,4,NA,224,15.6,5.2,10491,NA,81,Sebring,75.854,67.6471,74.7421,69.0141,49.2754,NA
FL057,FL,1257913,96.4871,3.5129,8.2408,11,8.3165,16.8,53.0696,15.7636,0.1459,3.4453,2.32,25.2544,49596,25.7,NA,181.6501,66.67,6,NA,2285,18.3,7.12,352957,NA,86.8,Tampa,63.2705,75.2129,82.7867,NA,NA,84.2824
FL059,FL,19864,21.2275,78.7725,5.1998,11.1,1.2485,23.8,88.1192,5.447,0.2517,0.594,3.08,2.5121000000000002,35511,29.7,NA,130.8901,0,2,NA,26,12.4,7.51,2772,NA,75.5,Bonifay,77.4744,94.051,96.0993,86.5079,91.7031,NA
FL061,FL,139356,95.0322,4.9678,5.5688,14.7,5.5362,15.1,77.0925,8.8213,0.1894,1.1668,1.34,11.3859,44772,21.8,NA,292.7753,60,5,NA,408,15.7,5.57,22699,NA,87,Sebastian,86.0803,86.4882,88.2192,85.5556,NA,96.8
FL063,FL,49326,24.6372,75.3628,7.0426,12.9,1.8124,19.9,66.0727,26.1404,0.3832,0.5008,2.46,4.448,36809,24,NA,190.5689,20,5,NA,94,13.9,7.03,9320,NA,78,Marianna,59.2885,78.7013,89.6279,83.871,NA,NA
FL065,FL,14469,0,100,6.0595,14.9,0.9123,17.2,57.3778,36.3951,0.2281,0,2.11,3.8842,44170,26.9,NA,228.0738,0,2,NA,33,9.9,5.78,2572,NA,81.2,Monticello,55.144,85.0242,93.1398,89.3204,NA,NA
FL067,FL,8745,0,100,4.9446,11.2,7.57,20.2,72.7959,14.8428,0,0.0686,0.51,11.7782,39722,24.3,NA,125.7862,0,1,NA,11,14.9,9.63,1255,NA,78.4,Mayo,50.8197,70,82.8244,76.6234,0,NA
FL069,FL,300926,80.7461,19.2539,5.2921,12,3.4906,13.8,73.1951,9.4748,0.3632,1.8071,2.55,12.6124,45035,27.7,NA,202.3753,53.85,13,NA,609,14.9,5.27,30033,NA,86.4,Clermont,70.8343,66.4382,86.0769,86.875,NA,NA
FL071,FL,633968,94.1798,5.8202,5.9972,13.5,9.0281,15.4,70.4283,8.005,0.1868,1.4723,1.29,18.6172,47439,26.9,NA,153.951,75,4,NA,976,19.1,5.53,165831,NA,86.9,Cape Coral,82.8904,49.285,57.0265,63.1115,4.6771,62.5595
FL073,FL,278624,87.6905,12.3095,7.5405,11.2,3.4879,23.2,58.5894,30.2788,0.3047,3.0159,2,5.8132,46369,19.9,NA,211.396,100,2,NA,589,27.3,12.41,181376,NA,91.8,Tallahassee,NA,80.3101,88.7687,NA,75.7143,100
FL075,FL,40289,7.9508,92.0492,6.4562,14.8,1.8591,23.7,80.6051,9.4219,0.2755,0.5386,1.59,7.5728,34348,28.1,NA,235.7964,25,4,NA,95,16.7,6.19,2768,NA,81.1,Williston,65.3421,50.4587,70.9365,NA,NA,40
FL077,FL,8308,0,100,6.8547,20.6,2.4194,24.1,71.1363,17.1762,1.2277,0.7102,2.73,7.0173,39681,28.7,NA,180.5489,0,1,NA,15,20.5,13,987,NA,75.6,Bristol,60.9626,91.5493,92.1101,84.8485,87.5,NA
FL079,FL,19070,19.9906,80.0094,8.2802,14.2,2.7583,22.5,54.688,37.8553,0.1835,0.2202,2.2,4.8558,33833,27.5,NA,277.9234,0,2,NA,53,11.9,6.6,2961,NA,78.2,Madison,61.8003,54.9407,71.6364,59.375,0,NA
FL081,FL,329487,94.2097,5.7903,5.4087,11.3,7.6492000000000004,15.1,73.0536,8.6765,0.1918,1.7108,1.38,14.9894,47876,23.9,NA,222.1635,80,5,NA,732,17.4,5.41,51763,NA,87.4,Bradenton,75.228,82.3466,91.9759,90.6667,84.375,NA
FL083,FL,333503,68.9717,31.0283,6.3499,13.8,3.2159,18.1,73.4263,12.2272,0.3103,1.3694,1.46,11.2092,39453,24.8,NA,191.0028,50,4,NA,637,15.5,5.45,53491,NA,85,Ocala,78.67,78.4885,86.7067,81.6735,81.25,99.1171
FL085,FL,147786,91.5233,8.4767,4.0156,12.8,5.8043,13,79.7586,5.2231,0.1651,0.9581,1.42,12.4721,49846,24.4,NA,213.146,50,4,NA,315,14.3,5.21,16078,NA,88.8,Stuart,64.6529,85.5518,87.7347,86.8098,97.0149,NA
FL086,FL,2549075,99.5956,0.4044,8.9627,11.8,24.6528,19.9,15.5649,17.1193,0.0893,1.5097,0.85,64.8624,43100,29,NA,247.8546,60.61,33,NA,6318,13.1,6.91,408568,NA,78.8,Miami,NA,NA,70.0423,NA,46.2372,NA
FL087,FL,74213,91.2861,8.7139,3.7926,7.5,9.2922,13.5,70.295,6.2644,0.1765,1.0685,1.12,21.0731,53607,18.8,NA,398.852,50,4,NA,296,16,5.78,25550,NA,89.9,Key West,55.5556,77.4599,79.9765,85.1613,68.6254,89.0889
FL089,FL,74163,51.8537,48.1463,4.7639,10.1,0.9142,12.6,87.3454,6.4534,0.4072,0.8711,1.43,3.491,55315,29,NA,229.2248,100,2,NA,170,13.2,6,11592,NA,89.4,Fernandina Beach,NA,NA,NA,NA,NA,NA
FL091,FL,185852,87.9008,12.0992,7.3471,8.8,2.8716,13.4,76.2741,8.7494,0.5402,3.0605,3.93,7.4462,54684,22.9,NA,206.078,66.67,6,NA,383,19.1,7.82,22785,NA,90.9,Crestview,89.2523,35.2941,100,75,NA,84.5947
FL093,FL,39642,63.4513,36.5487,9.0084,15.9,9.0863,26.9,64.8302,8.8366,0.5323,0.3986,1.17,24.2319,34570,25.3,NA,247.2126,50,2,NA,98,11.2,7.43,5621,NA,67.8,Okeechobee,53.6661,81.1392,80.1086,60.339,NA,NA
FL095,FL,1175416,97.9579,2.0421,8.5259,11.4,9.8708,17,45.0696,19.6791,0.164,4.9151,2.55,27.6188,47581,26.3,NA,211.0742,58.33,12,NA,2481,20.6,8.28,255483,NA,87.2,Orlando,42.8571,48.5832,52.1996,59.6899,34.0073,75.0861
FL097,FL,279837,92.1789,7.8211,10.1954,12.8,10.162,17.9,38.9023,9.3269,0.1522,2.5686,2.21,46.8366,43891,30.6,NA,211.5517,100,3,NA,592,14.6,7.67,65173,NA,83.8,Kissimmee,NA,NA,NA,NA,NA,NA
FL099,FL,1339221,98.9575,1.0425,6.5805,11.8,11.9686,14.5,59.2314,17.0303,0.1116,2.3512,1.77,19.5098,52432,24.5,NA,213.1836,76.19,21,NA,2855,15,6.07,102436,NA,87.5,West Palm Beach,64.9839,56.6804,70.4329,71.4286,NA,81.8021
FL101,FL,468194,90.5336,9.4664,5.4979,12.1,3.8053,13.9,79.211,4.2809,0.2817,2.1754,1.83,12.2201,43888,30,NA,142.8895,60,5,NA,669,13.1,5.49,14911,NA,87.2,New Port Richey,82.9441,76.6358,90.59,91.8334,NA,100
FL103,FL,920015,99.716,0.284,5.7313,10.5,5.0949,14.1,76.4243,10.1193,0.222,3.0555,1.94,8.2413,45535,23.4,NA,209.4531,50,14,NA,1927,15.6,5.36,249688,NA,88.9,St. Petersburg,76.7638,79.4926,91.6936,95.3177,90.7434,97.3261
FL105,FL,610295,86.4895,13.5105,7.5358,12.6,6.3417,18.2,63.8283,14.4124,0.2392,1.6199,1.72,18.1827,43113,25.8,NA,166.313,46.67,15,NA,1015,16.3,6.57,100710,NA,82.4,Lakeland,66.6667,79.6568,84.6715,87.2727,63.8279,94.3548
FL107,FL,73683,43.8371,56.1629,7.3448,14.1,3.2776,26.4,72.2908,16.0444,0.3447,0.6067,1.5,9.2152,32497,28.1,NA,207.6463,33.33,6,NA,153,11.8,6.26,10558,NA,77.5,Palatka,61.1957,70.9845,81.1285,74.5308,100,NA
FL109,FL,197115,76.2265,23.7735,5.29,7.8,2.1845,9.6,84.9387,5.1016,0.1557,2.1272,2.17,5.5044,64876,25.7,NA,165.3857,66.67,3,NA,326,16.7,6.27,13679,NA,93.2,St. Augustine,65.7962,56.5334,82.7559,85.0633,40,65.0458
FL111,FL,281015,96.6428,3.3572,7.6824,15,7.2704,18.4,60.68,18.6332,0.2053,1.5561,2.11,16.8158,43413,28.3,NA,204.6154,66.67,3,NA,575,16.6,5.96,171016,NA,85.2,Port St. Lucie,NA,NA,NA,NA,NA,NA
FL113,FL,155579,79.0106,20.9894,6.345,11,2.0761,12.3,83.9676,5.2873,0.5534,1.9386,3.58,4.669,57703,27.1,NA,134.33690000000001,33.33,3,NA,209,18.7,6.76,8826,NA,89.4,Milton,51.9906,70.5882,85.6424,83.9542,69.6203,NA
FL115,FL,383094,95.6795,4.3205,4.4625,11.4,5.6459,12.2,84.2811,4.3326,0.218,1.4064,1.58,8.1815,49052,21.9,NA,177.5021,66.67,6,NA,680,15.2,4.59,57357,NA,91.9,North Port,67.3513,71.0712,87.3304,82.5397,86.2745,100
FL117,FL,427184,96.8423,3.1577,7.0278,10.7,4.9763,11.3,65.565,10.6558,0.165,3.8662,1.99,17.7619,58175,26.3,NA,205.7661,100,9,NA,879,13.1,7.31,56002,NA,91.8,Sanford,NA,NA,NA,NA,NA,NA
FL119,FL,98409,65.0353,34.9647,2.1744,13.2,2.6237,12,83.2515,8.988,0.2307,0.7804,0.85,5.9019,48493,24.6,NA,173.7646,20,5,NA,171,14.8,3.02,4791,NA,87.8,Wildwood,72.1976,73.3654,83.2386,78.8177,66.6667,NA
FL121,FL,42865,16.8323,83.1677,7.332,11.7,3.9893,23.6,76.0667,12.0261,0.2146,0.3033,2.57,8.8184,35698,26,NA,146.9731,50,2,NA,63,14.8,7.3,6974,NA,79.8,Live Oak,65.4469,63.3678,86.0492,80.531,73.2673,NA
FL123,FL,22660,30.7178,69.2822,6.9082,13.2,1.2312,16.7,72.7538,20.9929,0.7282,0.2515,1.61,3.6673,36356,21.1,NA,255.9576,0,2,NA,58,13.2,6.71,7060,NA,76.5,Perry,69.537,81.0547,90.5218,91.2162,NA,NA
FL125,FL,15307,32.5523,67.4477,9.7715,9.6,2.0318,19.6,70.9871,20.4351,0.7252,0.9407,1.84,5.0761,42660,22.9,NA,84.9285,0,1,NA,13,16.1,8.85,1850,NA,73.9,Lake Butler,49.6038,55,65.8915,61.6438,NA,NA
FL127,FL,496268,90.0567,9.9433,5.8553,11.2,3.0852,16.8,74.7634,10.1993,0.2319,1.6086,1.7,11.5016,42457,25.4,NA,214.8033,66.67,15,NA,1066,14.5,6.47,86290,NA,87.6,Deltona,NA,60.4447,82.4038,90.3888,46.0731,80.723
FL129,FL,30824,38.3221,61.6779,9.1918,10.5,0.97,14.4,79.4251,14.8261,0.425,0.4055,1.51,3.4097,52691,30.4,NA,184.9208,100,1,NA,57,19.8,6.03,457,NA,87.7,Sopchoppy,68.6025,88.4514,92.5743,95.1673,90.7407,NA
FL131,FL,56590,36.8748,63.1252,5.9499,9.9,2.3714,17.9,84.522,5.3296,0.8482,1.0797,2.61,5.6141,43640,25.5,NA,321.6116,50,2,NA,182,16.5,5.74,5584,NA,84.5,DeFuniak Springs,71.4325,67.6396,87.0237,87.0488,100,NA
FL133,FL,24702,15.4483,84.5517,5.4846,13.5,1.093,20.1,77.9653,14.5332,0.6032,0.2429,3.48,3.1738,38501,28.1,NA,267.1848,0,2,NA,66,13.6,6.88,3574,NA,80.3,Chipley,91.6963,78.9062,89.6146,90.8602,NA,NA
