location_id,state,Population,Urban.Population,Rural.Population,Single.Female.Headed.Households.with.Children,Unemployment.Rate,Non.Citizens,Below.Poverty.Line,White.Population,African.American.Population,Native.American.Alaskan.Population,Asian.or.Pacific.Islander.Population,Other.Race.Population,Hispanic.or.Latino.Population,Median.Household.Income,Average.Commute.Minutes,Number.of.Criminal.Court.Judges,Police.Officers.per.100.000.Residents,Law.Enforcement.Agencies.Reporting.to.UCR,Total.Number.of.Law.Enforcement.Agencies,Number.of.Full.Time.Prosecutors,Number.of.Full.Time.Sworn.Law.Enforcement.Officers,Residential.Mobility,Young.Males.Population,Largest.Municipality.Population,Number.of.Part.Time.Prosecutors,High.School.Graduates,Largest.Municipality,Self.Represented.conviction.rate,Private.conviction.rate,Public.Defender.conviction.rate,Court.Appointed.conviction.rate,Other.conviction.rate,Unknown.conviction.rate,Log.pop,Log.Largest.Municipality.Population,type,name,percent_p,percent_pd,percent_ca,percent_sr,percent_o,percent_u,percent_uo
OR001,OR,16055,58.9934,41.0066,6.0534,11.4,0.9218,18,92.3451,0.2803,1.2831,0.5107,2.04,3.5441,41500,15,NA,NA,NA,NA,NA,NA,16.8,5.74,NA,NA,89.4,NA,NA,43.3862,95.4545,63.945,NA,13.1034,9.683775606523614,NA,county,Baker,0.11864406779661017,0.013810420590081607,0.7765222849968613,0,0,0.09102322661644696,0.09102322661644696
OR003,OR,85989,81.2361,18.7639,4.2535,8.5,5.503,22.5,83.1246,1.0071,0.6559,5.524,3.07,6.6148,48604,18.9,NA,NA,NA,NA,NA,NA,21.5,14.01,NA,NA,94.6,NA,66.6667,55.0676,95,70.9055,NA,33.7452,11.361974660078106,NA,county,Benton,0.1571750962431966,0.0026549847338377805,0.6670649143767423,0.0011947431302270011,0,0.17191026151599628,0.17191026151599628
OR005,OR,380532,81.9214,18.0786,5.659,10.4,4.12,9.8,84.1212,0.7009,0.4386,3.7737,3.08,7.8869,64352,26.9,NA,NA,NA,NA,NA,NA,14.8,6.43,NA,NA,92.4,NA,41.1654,61.1452,95.5645,84.2983,NA,32.7602,12.849325552616277,NA,county,Clackamas,0.16334483910477676,0.009204617154734068,0.725680139553873,0.019745388412574696,0,0.08202501577404149,0.08202501577404149
OR007,OR,37157,61.0276,38.9724,6.0702,9.6,3.7247,16.5,86.9634,0.6244,0.3445,1.1088,3.18,7.7751,44683,18.2,NA,NA,NA,NA,NA,NA,18.8,6.53,NA,NA,91.5,NA,NA,50,98.3607,77.0081,NA,46.8373,10.522907457698913,NA,county,Clatsop,0.14858898061048187,0.011710501055864849,0.7122288347091572,0,0,0.12747168362449607,0.12747168362449607
OR009,OR,49333,56.3879,43.6121,6.4922,13.2,2.025,13.6,89.9439,0.227,1.3277,0.977,3.23,4.2953,54968,31.9,NA,NA,NA,NA,NA,NA,13.7,6.21,NA,NA,89.6,NA,NA,39.2704,92,73.0013,NA,40.3794,10.806348507298559,NA,county,Columbia,0.1479834868212131,0.007939028262940616,0.7268974277548428,0,0,0.11718005716100349,0.11718005716100349
OR011,OR,62753,61.6468,38.3532,4.6602,13.1,1.5681,17.8,86.5393,0.3235,2.3696,1.1314,4.02,5.6189,37940,19.4,NA,NA,NA,NA,NA,NA,19.2,5.61,NA,NA,88,NA,0,51.4357,55.8824,67.4735,NA,29.2181,11.046961664616168,NA,county,Coos,0.11686606361248905,0.004960606944849723,0.7715202801283921,2.918004085205719e-4,0,0.10636124890574847,0.10636124890574847
OR013,OR,20894,51.983,48.017,4.4144,17.2,1.3736,19.5,89.0734,0.1436,0.9716,0.4116,2.16,7.2365,38795,20,NA,NA,NA,NA,NA,NA,19.3,5.55,NA,NA,84.9,NA,0,56.7961,83.7333,73.8819,NA,59.4595,9.947217315397454,NA,county,Crook,0.05503606732567459,0.10018701576275715,0.5973817793213999,2.671653753673524e-4,0,0.24712797221480096,0.24712797221480096
OR015,OR,22361,61.2681,38.7319,2.6268,15.1,1.5339,15,88.1311,0.1252,1.7173,0.3891,3.79,5.845,39516,13,NA,NA,NA,NA,NA,NA,15.5,4.78,NA,NA,91.3,NA,NA,46.5798,96.0784,69.1304,NA,51.6484,10.015073648988146,NA,county,Curry,0.1015883520847121,0.016876240900066182,0.7610853739245532,0,0,0.12045003309066843,0.12045003309066843
OR017,OR,160565,72.3565,27.6435,5.2023,12.2,2.6911,14.5,88.1985,0.3245,0.7654,1.1242,2.06,7.5247,50209,18.6,NA,NA,NA,NA,NA,NA,17.7,5.74,NA,NA,93.1,NA,33.3333,60.1889,94.4444,75.7002,NA,55.791,11.986454123991827,NA,county,Deschutes,0.1002241594022416,8.966376089663761e-4,0.7576587795765878,1.49439601494396e-4,0,0.14107098381070984,0.14107098381070984
OR019,OR,107286,58.8221,41.1779,5.8751,14.1,1.4802,18.7,89.2418,0.2619,1.4233,0.8128,3.43,4.8319,40524,20.3,NA,NA,NA,NA,NA,NA,17.2,5.96,NA,NA,87.7,NA,0,56.5517,70,71.7383,NA,42.0997,11.583253444803258,NA,county,Douglas,0.05915952672378621,0.02447980416156671,0.8393308853529172,8.159934720522235e-5,0,0.07694818441452468,0.07694818441452468
OR021,OR,1915,0,100,4.3035,11.7,2.5065,11.8,88.8773,0.5222,0.8355,0,1.57,8.1984,44743,13.1,NA,NA,NA,NA,NA,NA,16.6,5.74,NA,NA,91,NA,NA,50,100,60.1064,NA,0,7.557472901614746,NA,county,Gilliam,0.11926605504587157,0.009174311926605505,0.8623853211009175,0,0,0.009174311926605505,0.009174311926605505
OR023,OR,7359,0,100,5.2124,10.8,0.4348,17.3,92.7979,0.3261,0.5164,0.1631,3.08,3.1118,35051,18.4,NA,NA,NA,NA,NA,NA,14.2,5.11,NA,NA,89.5,NA,44.4444,59.0278,76.4706,73.906,NA,45.2381,8.903679332926599,NA,county,Grant,0.17370325693606756,0.020506634499396863,0.744270205066345,0.010856453558504222,0,0.05066344993968637,0.05066344993968637
OR025,OR,7314,55.6589,44.3411,6.1034,10.4,0.711,18.6,88.9937,0.4649,3.172,0.8203,2.26,4.2931,38113,13.8,NA,NA,NA,NA,NA,NA,15.4,7.22,NA,NA,87.9,NA,NA,44.6154,33.3333,70.9677,NA,34.6939,8.897545598709327,NA,county,Harney,0.13584117032392895,0.003134796238244514,0.8098223615464994,0,0,0.051201671891327065,0.051201671891327065
OR027,OR,22427,47.8251,52.1749,5.1694,5.3,14.4781,11.6,65.6084,0.486,0.1739,1.3243,2.59,29.8167,56725,17,NA,NA,NA,NA,NA,NA,9.2,6.33,NA,NA,84.1,NA,NA,50.1493,70.4026,71.4634,NA,39.5349,10.018020869126289,NA,county,Hood River,0.12412004446091145,0.3404964801778436,0.45572434234901815,0,0,0.07965913301222675,0.07965913301222675
OR029,OR,205117,79.9474,20.0526,6.9618,13.1,3.4912,17.2,83.1774,0.624,0.6547,0.9526,3.5,11.0907,44005,19.4,NA,NA,NA,NA,NA,NA,19.1,6.15,NA,NA,89.1,NA,50,57.8804,86.4078,73.0811,NA,52.2036,12.231335827022464,NA,county,Jackson,0.08372516305172152,0.003905657515546792,0.7015015925982102,7.583801001061732e-5,0,0.21079174882451085,0.21079174882451085
OR031,OR,21461,36.8785,63.1215,7.5362,16.1,5.0277,19.8,61.0363,0.6337,15.5724,0.7129,2.37,19.6776,43373,21.3,NA,NA,NA,NA,NA,NA,18.1,6.26,NA,NA,84.7,NA,NA,68.4729,100,81.0559,NA,65.5612,9.973992613421482,NA,county,Jefferson,0.057818285388778125,0.005126744517231558,0.8254058672742808,0,0,0.11164910281970948,0.11164910281970948
OR033,OR,82783,55.0361,44.9639,5.0567,15.2,1.3094,20.2,88.3176,0.3382,1.5994,0.6439,2.58,6.5255,37733,19.4,NA,NA,NA,NA,NA,NA,14,6,NA,NA,88.4,NA,NA,64.3939,96.3768,80.4706,NA,45.6522,11.323978005283882,NA,county,Josephine,0.09747863698702394,0.014558497731828253,0.8248760417765587,0,0,0.06308682350458909,0.06308682350458909
OR035,OR,66211,62.4194,37.5806,6.8814,13.8,3.3121,18.9,80.467,0.6842,3.5191,0.956,3.48,10.8985,39627,17.9,NA,NA,NA,NA,NA,NA,17.9,6.73,NA,NA,87.7,NA,50,56.3233,100,70.2232,NA,39.814,11.100601891263528,NA,county,Klamath,0.057586905923868156,2.252421352954426e-4,0.8613259253697725,1.5016142353029506e-4,0,0.0807117651475336,0.0807117651475336
OR037,OR,7862,36.6688,63.3312,2.5238,13.3,2.8873,20.1,86.5174,0.4833,1.3864,0.5215,3.79,7.3009,33611,12.4,NA,NA,NA,NA,NA,NA,22.2,5.55,NA,NA,83.7,NA,NA,50.8621,NA,72.8471,NA,25.5682,8.969796305981806,NA,county,Lake,0.1500646830530401,0,0.7360931435963778,0,0,0.11384217335058215,0.11384217335058215
OR039,OR,353382,82.477,17.523,5.9498,12.3,3.6736,20,84.1509,0.8753,0.9214,2.4212,4,7.6289,42931,19.6,NA,NA,NA,NA,NA,NA,22.1,8.43,NA,NA,91.1,NA,30,67.0425,79.8054,77.3031,NA,26.8775,12.775304903784486,NA,county,Lane,0.08720722331485786,0.7580904702306455,0.12032898265689254,4.4698730556052207e-4,0,0.03392633649204362,0.03392633649204362
OR041,OR,46070,62.4104,37.5896,4.8821,10.3,3.6314,16,83.8463,0.3147,2.2639,1.3393,4.13,8.1094,42365,19.2,NA,NA,NA,NA,NA,NA,16.1,5.18,NA,NA,89.9,NA,0,45.7457,89.2086,66.2254,NA,74.3842,10.737917257929963,NA,county,Lincoln,0.11410622501427756,0.015876641918903485,0.7074814391776127,2.284408909194746e-4,0,0.1623072529982867,0.1623072529982867
OR043,OR,117648,68.3617,31.6383,7.522,10.8,2.8857,17.8,86.7571,0.453,1.6311,0.9647,2.23,7.9653,46939,22.4,NA,NA,NA,NA,NA,NA,15.9,6.17,NA,NA,89.1,NA,50,68.4641,100,83.6808,NA,42.399,11.675452394436004,NA,county,Linn,0.11434977578475336,1.868460388639761e-4,0.8066143497757847,1.868460388639761e-4,0,0.07866218236173393,0.07866218236173393
OR045,OR,30898,51.5824,48.4176,6.9455,14.6,8.2821,27.4,62.9814,0.8609,0.3722,1.67,2.06,32.0539,35578,17.3,NA,NA,NA,NA,NA,NA,15.2,7.77,NA,NA,80.4,NA,50,57.0652,91.3043,77.5504,NA,44.697,10.338446735871996,NA,county,Malheur,0.09725158562367865,0.006078224101479916,0.8263742071881607,5.285412262156448e-4,0,0.06976744186046512,0.06976744186046512
OR047,OR,318441,86.9063,13.0937,8.6243,13.3,10.2145,18.6,67.8399,0.9088,0.8096,1.7997,4.01,24.6344,46885,21.8,NA,NA,NA,NA,NA,NA,17.8,7.31,NA,NA,83.2,NA,66.6667,67.3279,86.1111,86.7927,NA,38.535,12.67119249350659,NA,county,Marion,0.08536139978086922,0.004781035226933165,0.8889073342408447,9.960490056110761e-5,0,0.020850625850791858,0.020850625850791858
OR049,OR,11218,54.1305,45.8695,7.2173,10.1,13.0594,18,63.6745,0.1694,0.4903,0.6329,2.75,32.2874,49940,19.4,NA,NA,NA,NA,NA,NA,16.9,7.47,NA,NA,75.5,NA,100,64,0,74.9491,NA,8.6957,9.325274910068282,NA,county,Morrow,0.08818342151675485,0.003527336860670194,0.8659611992945326,0.001763668430335097,0,0.04056437389770723,0.04056437389770723
OR051,OR,747641,98.6578,1.3422,6.2503,10.6,8.3476,17.8,71.9694,5.4586,0.6649,6.6807,4.32,10.9056,52511,24.8,NA,NA,NA,NA,NA,NA,20,6.11,NA,NA,89.7,NA,22.6804,46.0629,86.5087,65.9223,NA,6.3699,13.524678195221352,NA,county,Multnomah,0.057591995688734784,0.011154381933358415,0.5778112194576347,9.863035984829227e-4,0,0.3524560993217892,0.3524560993217892
OR053,OR,75930,80.0737,19.9263,5.7297,11.3,4.0169,16.5,80.2002,0.4162,1.0589,2.2508,3.68,12.3956,52808,24.5,NA,NA,NA,NA,NA,NA,17.7,7.61,NA,NA,89.8,NA,NA,45.0299,94.1176,67.218,NA,34.6405,11.23756714220728,NA,county,Polk,0.11391541609822646,0.006957708049113233,0.8165075034106412,0,0,0.0626193724420191,0.0626193724420191
OR055,OR,1865,0,100,4.2322,7.7,1.9303,22.1,90.2413,0.1072,1.6622,0.1072,3.38,4.504,42639,20.5,NA,NA,NA,NA,NA,NA,13.9,6.01,NA,NA,92.4,NA,NA,48.5714,100,71.1382,NA,48.5714,7.5310163320779155,NA,county,Sherman,0.11551155115511551,0.01485148514851485,0.8118811881188119,0,0,0.057755775577557754,0.057755775577557754
OR057,OR,25300,30.396,69.604,4.9043,9,4.5217,16.1,86.2134,0.4506,0.7549,0.8498,2.45,9.2846,43676,19.1,NA,NA,NA,NA,NA,NA,13.3,5.66,NA,NA,88.1,NA,NA,58.9649,83.3333,70.9817,NA,31.5175,10.138559674715612,NA,county,Tillamook,0.14990302022720975,0.00831255195344971,0.770573566084788,0,0,0.0712108617345525,0.0712108617345525
OR059,OR,76306,70.9339,29.0661,9.3928,10.9,7.4529,16.5,68.9343,0.595,1.9225,0.806,3.43,24.3074,48389,16.9,NA,NA,NA,NA,NA,NA,17.5,7.47,NA,NA,81.9,NA,57.1429,56.7613,87.3016,76.7059,NA,16.8919,11.242506851140195,NA,county,Umatilla,0.08361250697934115,0.008793969849246231,0.8652987158012284,9.77107761027359e-4,0,0.0413176996091569,0.0413176996091569
OR061,OR,25741,57.9035,42.0965,5.7743,9.3,2.6611,18.6,90.2801,0.5439,0.3807,0.9751,3.7,4.1218,42542,16.2,NA,NA,NA,NA,NA,NA,18,7.68,NA,NA,90.6,NA,50,62.4294,100,80.8592,NA,58.1262,10.155840330434325,NA,county,Union,0.10949582431178471,9.279307145066501e-4,0.7271883699350449,6.186204763377668e-4,0,0.16176925456232602,0.16176925456232602
OR063,OR,6924,0,100,6.9092,12.2,0.5055,13.4,94.223,0.4333,0.5199,0.1155,2.27,2.4408,41994,18.9,NA,NA,NA,NA,NA,NA,13.7,4.29,NA,NA,93.5,NA,NA,51.5152,100,65.2695,NA,51.2397,8.8427489162961,NA,county,Wallowa,0.12643678160919541,0.0019157088122605363,0.6398467432950191,0,0,0.23180076628352492,0.23180076628352492
OR065,OR,25281,66.9337,33.0663,6.9913,10.8,7.563,18.2,76.9511,0.3876,4.2245,0.981,1.88,15.573,43765,16.1,NA,NA,NA,NA,NA,NA,15.9,6.3,NA,NA,85.1,NA,100,66.4706,92.0635,77.9633,NA,57.6419,10.137808404440463,NA,county,Wasco,0.09221589368049905,0.01708706265256306,0.8283157038242474,2.7122321670735016e-4,0,0.06211011662598318,0.06211011662598318
OR067,OR,539608,94.41,5.59,6.0826,9.6,9.8703,11.4,69.2556,1.6929,0.4435,8.8006,3.98,15.8272,64180,24.2,NA,NA,NA,NA,NA,NA,17.3,6.26,NA,NA,90.8,NA,84.3137,64.4864,85.1852,85.8216,NA,48.4364,13.198598229002723,NA,county,Washington,0.12059690684322144,0.0013965758030310867,0.7298143071432266,0.002637976516836497,0,0.14555423369368437,0.14555423369368437
OR069,OR,1292,0,100,2.72,10.4,0.2322,15.6,94.2724,0,0.4644,0.1548,2.48,2.6316,37974,22.4,NA,NA,NA,NA,NA,NA,10.1,4.64,NA,NA,88.6,NA,NA,45,NA,64.4068,NA,40,7.163946684342547,NA,county,Wheeler,0.23809523809523808,0,0.7023809523809523,0,0,0.05952380952380952,0.05952380952380952
OR071,OR,99802,77.3966,22.6034,6.2423,10.7,5.539,14.6,78.9213,0.8256,0.8958,1.3908,3.05,14.9195,54535,23.4,NA,NA,NA,NA,NA,NA,16.1,7.46,NA,NA,88,NA,100,68.0243,100,83.1658,NA,24.2762,11.510943502178916,NA,county,Yamhill,0.14109304315931043,0.001222643354933366,0.8025430981782614,2.4452867098667317e-4,0,0.05489668663650813,0.05489668663650813
